Team,Season,PA,AB,H,2B,3B,HR,BB,SO,BA,OBP,SLG,WOBA,WOBACON,Batted Balls,Barrels,Barrel %,Hard Hit %,Exit Velocity,Launch Angle,XBA,XSLG,XWOBA,XWOBACON,Zone %,Zone Swing %,Zone Contact %,Chase %,Chase Contact %,Edge %,1st Pitch Swing %,Swing %,Whiff %,Meatball %,Zone Swing %,Zone Contact %,Chase %,Chase Contact %,Edge %,1st Pitch Swing %,Swing %,Whiff %,Meatball %,Division Rank,Run Differential
Arizona Diamondbacks,2015,6275,5649,1494,289,48,154,490,1312,0.264,0.324,0.414,0.319,0.373,4440,238,5.4,32.6,88.5,10,0.249,0.391,0.31,0.363,48.8,63.9,84.1,29.9,58.5,42.1,29.6,46.4,23.1,7.6,63.9,84.1,29.9,58.5,42.1,29.6,46.4,23.1,7.6,3,7
Arizona Diamondbacks,2016,6259,5665,1479,285,56,190,463,1427,0.261,0.32,0.432,0.321,0.388,4319,280,6.5,34.7,89,9.7,0.249,0.411,0.312,0.376,49.3,64.3,82.8,28.7,56.9,42.8,28.8,46.3,24.6,7.3,64.3,82.8,28.7,56.9,42.8,28.8,46.3,24.6,7.3,4,-138
Arizona Diamondbacks,2017,6223,5525,1405,314,39,220,578,1456,0.254,0.329,0.445,0.329,0.394,4135,274,6.6,35.2,88,10.2,0.247,0.42,0.321,0.382,49,66,81.3,25.8,55.6,42.5,28.2,45.5,25.6,7.4,66,81.3,25.8,55.6,42.5,28.2,45.5,25.6,7.4,2,153
Arizona Diamondbacks,2018,6157,5460,1283,259,50,176,560,1460,0.235,0.31,0.397,0.306,0.361,4083,287,7,34.8,88.3,11.4,0.235,0.393,0.309,0.367,49.5,65.4,81.2,26.9,55.7,43,28.7,46,25.4,7.4,65.4,81.2,26.9,55.7,43,28.7,46,25.4,7.4,3,49
Arizona Diamondbacks,2019,6315,5633,1419,288,40,220,540,1360,0.252,0.323,0.434,0.319,0.37,4344,303,7,34.4,88,11.8,0.246,0.418,0.317,0.367,48,67.4,82.2,29.8,59,42,29.3,47.8,24.5,7.2,67.4,82.2,29.8,59,42,29.3,47.8,24.5,7.2,2,70
Arizona Diamondbacks,2020,2238,1997,482,101,12,58,181,461,0.241,0.312,0.391,0.306,0.342,1560,85,5.4,35.4,88,12.5,0.247,0.394,0.314,0.355,48,67.2,82.2,28.6,57.3,43.2,26.9,47.1,25.4,7,67.2,82.2,28.6,57.3,43.2,26.9,47.1,25.4,7,5,-26
Arizona Diamondbacks,2021,6144,5489,1297,308,31,144,537,1465,0.236,0.309,0.382,0.301,0.354,4084,230,5.6,35.8,87.7,12.9,0.229,0.36,0.293,0.343,50.1,66.4,81.1,26.5,54.5,43,27.3,46.5,25.8,8,66.4,81.1,26.5,54.5,43,27.3,46.5,25.8,8,5,-214
Arizona Diamondbacks,2022,6027,5351,1232,262,24,173,531,1341,0.23,0.304,0.385,0.303,0.347,4091,268,6.6,35.8,88.1,12.4,0.227,0.362,0.296,0.338,50,65.3,81.9,26.1,57.2,43.8,28.4,45.7,24.3,7.2,65.3,81.9,26.1,57.2,43.8,28.4,45.7,24.3,7.2,4,-38
Atlanta Braves,2015,6034,5420,1361,251,18,100,471,1107,0.251,0.314,0.359,0.296,0.328,4411,152,3.4,29.4,87,8.4,0.247,0.362,0.3,0.334,48.1,64.9,84.7,29.5,64.8,42.3,28.5,46.5,20.6,7.2,64.9,84.7,29.5,64.8,42.3,28.5,46.5,20.6,7.2,4,-187
Atlanta Braves,2016,6191,5514,1404,295,27,122,502,1240,0.255,0.321,0.384,0.304,0.346,4390,219,5,31.5,88.4,9.4,0.252,0.389,0.309,0.354,48.4,66.5,82.9,30.9,62.8,42.8,31.2,48.1,22.2,7.1,66.5,82.9,30.9,62.8,42.8,31.2,48.1,22.2,7.1,5,-130
Atlanta Braves,2017,6215,5584,1467,289,26,165,474,1184,0.263,0.326,0.412,0.316,0.358,4491,228,5.1,30.5,86.7,10.1,0.256,0.404,0.313,0.356,47.4,71.1,82.2,31.5,64.4,42.2,33.3,50.3,22.7,7.2,71.1,82.2,31.5,64.4,42.2,33.3,50.3,22.7,7.2,3,-89
Atlanta Braves,2018,6251,5582,1433,314,29,175,511,1290,0.257,0.324,0.417,0.319,0.369,4384,223,5.1,33.6,88,12.5,0.246,0.393,0.31,0.356,49.1,71.2,82,29.2,60.5,42.4,34.7,49.8,23.3,7.3,71.2,82,29.2,60.5,42.4,34.7,49.8,23.3,7.3,1,102
Atlanta Braves,2019,6302,5560,1432,277,29,249,619,1467,0.258,0.336,0.452,0.332,0.394,4153,376,9.1,38.6,89.2,13.3,0.254,0.457,0.337,0.402,47.4,69.9,79,28.7,59.7,42.9,32.9,48.2,26.4,6.9,69.9,79,28.7,59.7,42.9,32.9,48.2,26.4,6.9,1,112
Atlanta Braves,2020,2344,2074,556,130,3,103,239,573,0.268,0.349,0.483,0.355,0.432,1509,156,10.3,42.8,89.5,14.7,0.262,0.482,0.355,0.433,48,70.4,79.2,28.1,55.3,42.2,35.5,48.4,27.9,7.3,70.4,79.2,28.1,55.3,42.2,35.5,48.4,27.9,7.3,1,60
Atlanta Braves,2021,6056,5363,1307,269,20,239,549,1453,0.244,0.319,0.435,0.323,0.387,3985,392,9.8,40.8,89.5,13.8,0.25,0.444,0.332,0.402,48.6,72.3,79.3,28.2,55.3,43,35.8,49.6,27.1,7.3,72.3,79.3,28.2,55.3,43,35.8,49.6,27.1,7.3,1,134
Atlanta Braves,2022,6082,5509,1394,298,11,243,470,1498,0.253,0.317,0.443,0.33,0.406,4048,441,10.9,43.5,89.9,13.5,0.248,0.444,0.33,0.406,47.4,70.6,79.3,31.1,55.2,42.2,34.4,49.8,28.4,7.1,70.6,79.3,31.1,55.2,42.2,34.4,49.8,28.4,7.1,1,180
Baltimore Orioles,2015,6006,5485,1370,246,20,217,418,1331,0.25,0.307,0.421,0.315,0.375,4206,267,6.3,35.2,88.8,12.3,0.241,0.409,0.311,0.371,47.6,68,81.8,32.3,59.9,42.6,33.1,49.3,25.1,7.3,68,81.8,32.3,59.9,42.6,33.1,49.3,25.1,7.3,3,20
Baltimore Orioles,2016,6089,5524,1413,265,6,253,468,1324,0.256,0.317,0.443,0.326,0.385,4253,358,8.4,37.4,89.4,13.7,0.252,0.445,0.327,0.388,47.8,66.6,81.8,30.9,57.4,43,30.6,47.9,26.1,6.6,66.6,81.8,30.9,57.4,43,30.6,47.9,26.1,6.6,2,29
Baltimore Orioles,2017,6139,5650,1469,269,12,232,392,1412,0.26,0.312,0.435,0.318,0.385,4285,315,7.4,37.5,88.3,11.8,0.255,0.433,0.32,0.388,47.9,68.1,81.1,30.3,57.9,41.2,28.7,48.4,26.1,7,68.1,81.1,30.3,57.9,41.2,28.7,48.4,26.1,7,5,-98
Baltimore Orioles,2018,6034,5507,1317,242,15,188,422,1412,0.239,0.298,0.391,0.299,0.357,4143,284,6.9,35.7,88.5,11.8,0.234,0.383,0.299,0.357,48.6,68.1,80.5,30,55.2,42.7,30,48.5,26.9,7.1,68.1,80.5,30,55.2,42.7,30,48.5,26.9,7.1,5,-270
Baltimore Orioles,2019,6189,5596,1379,252,25,213,462,1435,0.246,0.31,0.415,0.308,0.365,4220,265,6.3,33.6,88,11.8,0.242,0.401,0.306,0.363,47,68.1,80.8,31,58.3,42.3,29.8,48.4,26,6.9,68.1,80.8,31,58.3,42.3,29.8,48.4,26,6.9,5,-252
Baltimore Orioles,2020,2242,2026,523,102,7,77,164,514,0.258,0.321,0.429,0.323,0.386,1537,103,6.7,33.5,87,14,0.241,0.387,0.304,0.358,46.2,70.2,80.2,34.2,59.2,41.2,31.6,50.8,26.5,6.9,70.2,80.2,34.2,59.2,41.2,31.6,50.8,26.5,6.9,4,-20
Baltimore Orioles,2021,5983,5420,1296,266,15,195,451,1454,0.239,0.304,0.402,0.305,0.367,4011,306,7.6,36.9,88.3,13.3,0.238,0.392,0.305,0.367,48.8,67.9,80.1,30.2,55.4,42.7,30.1,48.6,27.2,7.2,67.9,80.1,30.2,55.4,42.7,30.1,48.6,27.2,7.2,5,-297
Baltimore Orioles,2022,6049,5429,1281,275,25,171,476,1390,0.236,0.305,0.39,0.305,0.357,4094,333,8.1,39,88.7,15.5,0.238,0.392,0.31,0.364,47.9,69.7,81.2,30.9,56.6,42.3,33.7,49.5,26.3,6.9,69.7,81.2,30.9,56.6,42.3,33.7,49.5,26.3,6.9,4,-14
Boston Red Sox,2015,6236,5640,1495,294,33,161,478,1148,0.265,0.325,0.415,0.321,0.362,4564,220,4.8,33.4,88.5,10.5,0.247,0.385,0.308,0.345,49.7,62.6,85.6,29.2,66.3,43.4,23.2,45.8,20.3,7.4,62.6,85.6,29.2,66.3,43.4,23.2,45.8,20.3,7.4,5,-5
Boston Red Sox,2016,6319,5670,1598,343,25,208,558,1160,0.282,0.348,0.461,0.346,0.392,4558,287,6.3,35.2,89.1,11.3,0.256,0.421,0.325,0.363,48.9,61.3,86.8,27.7,65,42.8,21,44.2,19.9,7.3,61.3,86.8,27.7,65,42.8,21,44.2,19.9,7.3,1,184
Boston Red Sox,2017,6338,5669,1461,302,19,168,571,1224,0.258,0.329,0.407,0.316,0.354,4490,221,4.9,32.5,87.3,10.9,0.25,0.397,0.313,0.35,48.6,62.7,84.1,26.4,63.6,42.8,21,44.1,21.9,7.3,62.7,84.1,26.4,63.6,42.8,21,44.1,21.9,7.3,1,117
Boston Red Sox,2018,6302,5623,1509,355,31,208,569,1253,0.268,0.339,0.453,0.34,0.389,4425,372,8.4,40,89.8,12.4,0.262,0.449,0.341,0.391,48.4,67.2,83.7,26.1,61.7,42.7,27,46,22.5,7.1,67.2,83.7,26.1,61.7,42.7,27,46,22.5,7.1,1,229
Boston Red Sox,2019,6475,5770,1554,345,27,245,590,1382,0.269,0.34,0.466,0.338,0.395,4452,358,8,41.3,89.9,12.8,0.26,0.455,0.336,0.394,47.6,68.2,81.7,29.6,60.2,42.8,30,47.9,24.9,7,68.2,81.7,29.6,60.2,42.8,30,47.9,24.9,7,3,73
Boston Red Sox,2020,2304,2083,552,118,7,81,187,545,0.265,0.33,0.445,0.333,0.402,1551,123,7.9,36.6,88.5,11,0.237,0.408,0.311,0.371,47.8,67.8,80.2,31.1,56.7,42.3,27.7,48.6,27.3,6.7,67.8,80.2,31.1,56.7,42.3,27.7,48.6,27.3,6.7,5,-59
Boston Red Sox,2021,6122,5495,1434,330,23,219,512,1386,0.261,0.328,0.449,0.333,0.396,4161,411,9.9,42.5,89.9,13.7,0.256,0.451,0.335,0.399,48.5,68.4,80.6,30.3,58.1,42.7,30.2,48.8,26.4,7.1,68.4,80.6,30.3,58.1,42.7,30.2,48.8,26.4,7.1,2,80
Boston Red Sox,2022,6144,5539,1427,352,12,155,478,1373,0.258,0.321,0.409,0.319,0.376,4228,343,8.1,40.9,89.3,11.4,0.25,0.402,0.316,0.373,48.3,67.9,81.8,30.5,56.7,42.8,30,48.6,26.1,7.4,67.9,81.8,30.5,56.7,42.8,30,48.6,26.1,7.4,5,-52
Chicago Cubs,2015,6200,5491,1341,272,30,171,567,1518,0.244,0.321,0.398,0.313,0.376,4040,255,6.3,33.4,88.1,12.8,0.231,0.385,0.307,0.368,47.4,68,79.7,28.1,55.1,42.9,31.5,47,27.1,6.8,68,79.7,28.1,55.1,42.9,31.5,47,27.1,6.8,3,81
Chicago Cubs,2016,6335,5503,1409,293,30,199,656,1339,0.256,0.343,0.429,0.333,0.379,4243,284,6.7,32.8,88.2,13.3,0.243,0.409,0.325,0.367,47.4,65.9,81,27.2,60.1,42.3,28.6,45.5,24.6,6.9,65.9,81,27.2,60.1,42.3,28.6,45.5,24.6,6.9,1,252
Chicago Cubs,2017,6281,5496,1402,274,29,223,622,1401,0.255,0.338,0.437,0.331,0.386,4175,300,7.2,33.9,87.4,12,0.248,0.425,0.327,0.38,49,67.7,80.8,28.2,57.1,42.8,31.4,47.5,25.6,7.1,67.7,80.8,28.2,57.1,42.8,31.4,47.5,25.6,7.1,1,127
Chicago Cubs,2018,6366,5624,1453,286,34,167,576,1388,0.258,0.333,0.41,0.321,0.373,4322,270,6.2,35.9,88.7,10.5,0.245,0.394,0.315,0.366,48.4,67.1,81.2,29.3,57,42.6,32.6,47.6,25.7,6.9,67.1,81.2,29.3,57,42.6,32.6,47.6,25.7,6.9,2,116
Chicago Cubs,2019,6195,5461,1378,270,26,256,581,1460,0.252,0.331,0.452,0.33,0.392,4070,332,8.2,36,88.9,10.9,0.247,0.431,0.326,0.387,46,67.6,79.7,30.5,55.4,42.6,31.2,47.5,28,6.5,67.6,79.7,30.5,55.4,42.6,31.2,47.5,28,6.5,3,97
Chicago Cubs,2020,2214,1918,422,82,8,74,229,568,0.22,0.318,0.387,0.309,0.358,1364,101,7.4,40.1,88.9,11.4,0.232,0.391,0.32,0.377,46.2,62.9,79.7,27.7,52.8,41.2,25.4,43.9,28.9,6.9,62.9,79.7,27.7,52.8,41.2,25.4,43.9,28.9,6.9,1,25
Chicago Cubs,2021,5972,5306,1255,225,26,210,502,1596,0.237,0.312,0.407,0.311,0.385,3780,298,7.9,38.8,88.7,11.7,0.229,0.384,0.304,0.374,48.4,66.8,79.4,28.2,51.4,42.2,30.1,46.9,28.3,7.3,66.8,79.4,28.2,51.4,42.2,30.1,46.9,28.3,7.3,4,-134
Chicago Cubs,2022,6072,5425,1293,265,31,159,507,1448,0.238,0.311,0.387,0.307,0.362,4032,269,6.7,37.4,88.4,10.4,0.232,0.368,0.3,0.353,48.5,67.7,80.4,28.5,54.6,43.2,31.5,47.5,27.2,7.4,67.7,80.4,28.5,54.6,43.2,31.5,47.5,27.2,7.4,3,-74
Chicago White Sox,2015,6069,5533,1381,260,27,136,404,1231,0.25,0.306,0.38,0.3,0.344,4369,167,3.8,31.6,87.8,8.9,0.243,0.358,0.295,0.339,48.5,65.4,84.2,31,62.5,42.5,26.7,47.7,22.3,7,65.4,84.2,31,62.5,42.5,26.7,47.7,22.3,7,4,-79
Chicago White Sox,2016,6131,5550,1428,277,33,168,455,1285,0.257,0.317,0.41,0.314,0.364,4338,214,4.9,33.2,88.5,10.7,0.248,0.385,0.304,0.351,48.5,66.4,83.1,31.5,61.3,41.8,28.7,48.4,23.6,7.5,66.4,83.1,31.5,61.3,41.8,28.7,48.4,23.6,7.5,4,-29
Chicago White Sox,2017,6058,5513,1412,256,37,186,401,1397,0.256,0.314,0.417,0.313,0.376,4184,257,6.1,32.5,87,10.7,0.246,0.403,0.307,0.368,49.6,68.5,81,30,56.1,42.3,30.2,49.1,26,7.8,68.5,81,30,56.1,42.3,30.2,49.1,26,7.8,4,-114
Chicago White Sox,2018,6070,5523,1332,259,40,182,425,1594,0.241,0.302,0.401,0.304,0.38,3985,271,6.8,36,88.3,11.6,0.232,0.386,0.299,0.372,49.3,67.9,79.7,30.6,53.1,43.2,29.9,49,28,7.2,67.9,79.7,30.6,53.1,43.2,29.9,49,28,7.2,4,-192
Chicago White Sox,2019,6042,5529,1443,260,20,182,378,1549,0.261,0.314,0.414,0.309,0.387,4048,288,7.1,37.5,89.1,10.8,0.246,0.409,0.305,0.382,47.9,68.1,80.9,32.2,54.1,42.4,29.5,49.4,27.6,7.4,68.1,80.9,32.2,54.1,42.4,29.5,49.4,27.6,7.4,3,-124
Chicago White Sox,2020,2267,2047,534,94,6,96,179,571,0.261,0.326,0.453,0.334,0.412,1490,142,9.5,40,88.7,11.2,0.244,0.437,0.326,0.4,46.6,66.2,78.5,30.9,54.1,41.1,29.1,47.4,29.7,7,66.2,78.5,30.9,54.1,41.1,29.1,47.4,29.7,7,3,60
Chicago White Sox,2021,6084,5357,1373,275,22,190,586,1389,0.256,0.336,0.422,0.329,0.383,4031,313,7.8,39.7,89.2,10.4,0.247,0.408,0.325,0.378,48.1,67.8,82.2,29.3,55.2,42.7,30.2,47.8,26.1,7.2,67.8,82.2,29.3,55.2,42.7,30.2,47.8,26.1,7.2,1,160
Chicago White Sox,2022,6123,5611,1435,272,9,149,388,1269,0.256,0.31,0.387,0.306,0.355,4393,329,7.5,40.8,89.2,10.6,0.249,0.395,0.308,0.358,48.8,69.1,82.8,32.6,57.5,42.3,32.4,50.4,25.4,7.7,69.1,82.8,32.6,57.5,42.3,32.4,50.4,25.4,7.7,2,-31
Cincinnati Reds,2015,6196,5571,1382,257,27,167,496,1255,0.248,0.312,0.394,0.307,0.351,4403,202,4.6,27.6,86.9,11.7,0.239,0.373,0.3,0.344,47.7,68.8,82.8,29.5,60.9,43.2,32.9,48.2,22.7,7.1,68.8,82.8,29.5,60.9,43.2,32.9,48.2,22.7,7.1,5,-114
Cincinnati Reds,2016,6093,5487,1403,277,33,164,452,1284,0.256,0.316,0.408,0.311,0.363,4305,199,4.6,28.3,86.8,11.6,0.246,0.382,0.301,0.349,48.6,67.4,82.8,28.9,62.2,42.8,30.6,47.6,22.5,7.2,67.4,82.8,28.9,62.2,42.8,30.6,47.6,22.5,7.2,5,-138
Cincinnati Reds,2017,6213,5484,1390,249,38,219,565,1329,0.253,0.329,0.433,0.325,0.375,4247,231,5.4,27.5,85.5,12.9,0.246,0.399,0.314,0.36,49.4,67.4,82.3,26.6,62.2,43.3,30.4,46.8,22.4,7.3,67.4,82.3,26.6,62.2,43.3,30.4,46.8,22.4,7.3,5,-116
Cincinnati Reds,2018,6240,5532,1404,251,25,172,559,1376,0.254,0.328,0.401,0.317,0.368,4240,237,5.6,31.8,87.4,13.4,0.244,0.388,0.312,0.362,49.4,68.7,82.1,26.6,58.6,42.3,32.9,47.4,23.3,7.8,68.7,82.1,26.6,58.6,42.3,32.9,47.4,23.3,7.8,5,-123
Cincinnati Reds,2019,6100,5450,1328,235,27,227,492,1436,0.244,0.315,0.422,0.312,0.37,4077,246,6,33.1,87.4,13.6,0.237,0.397,0.307,0.364,47.5,69.2,81.8,29.6,58.5,43.3,32.1,48.4,24.9,6.6,69.2,81.8,29.6,58.5,43.3,32.1,48.4,24.9,6.6,4,-10
Cincinnati Reds,2020,2123,1842,390,76,3,90,239,534,0.212,0.312,0.403,0.312,0.359,1315,112,8.5,37.3,88.2,14.3,0.232,0.418,0.329,0.386,46.8,64.7,80.3,25.6,53,41.6,28.4,44,27.9,7.1,64.7,80.3,25.6,53,41.6,28.4,44,27.9,7.1,3,0
Cincinnati Reds,2021,6162,5423,1352,295,13,222,553,1425,0.249,0.328,0.431,0.327,0.385,4078,347,8.5,38.1,88.4,13.2,0.244,0.421,0.325,0.38,47.8,67.9,81.8,28.5,55.7,42.5,32.8,47.3,25.8,7,67.9,81.8,28.5,55.7,42.5,32.8,47.3,25.8,7,3,26
Cincinnati Reds,2022,5978,5380,1264,235,18,156,452,1430,0.235,0.304,0.372,0.299,0.353,3995,233,5.8,34.9,87.2,12.9,0.228,0.354,0.291,0.342,49.3,66.5,82.7,29.9,55.3,42.8,29.7,48,25.7,7.4,66.5,82.7,29.9,55.3,42.8,29.7,48,25.7,7.4,4,-167
Cleveland Guardians,2015,6108,5439,1395,303,29,141,533,1157,0.256,0.325,0.401,0.315,0.353,4379,200,4.6,34.7,88.3,11.2,0.253,0.393,0.317,0.357,48.8,64.8,85.5,26.8,64.3,42.6,25.3,45.3,20,7.5,64.8,85.5,26.8,64.3,42.6,25.3,45.3,20,7.5,3,29
Cleveland Guardians,2016,6155,5484,1435,308,29,185,531,1246,0.262,0.329,0.43,0.326,0.373,4329,260,6,35,88.5,13.2,0.253,0.413,0.322,0.367,49.1,66.5,83.4,28.7,63.4,42.7,26.5,47.3,22.1,7.6,66.5,83.4,28.7,63.4,42.7,26.5,47.3,22.1,7.6,1,101
Cleveland Guardians,2017,6234,5511,1449,333,29,212,604,1153,0.263,0.339,0.449,0.336,0.373,4426,281,6.3,36,88.1,12.6,0.26,0.439,0.336,0.373,48.9,66.3,83.8,24.7,63.8,42.5,24.8,45.1,21.3,7.2,66.3,83.8,24.7,63.8,42.5,24.8,45.1,21.3,7.2,1,254
Cleveland Guardians,2018,6298,5595,1447,297,19,216,554,1189,0.259,0.332,0.434,0.33,0.369,4475,299,6.7,37,88.8,13.9,0.258,0.427,0.333,0.373,48,66.5,85.1,27,62.5,42.8,25.2,46,21.3,7,66.5,85.1,27,62.5,42.8,25.2,46,21.3,7,1,170
Cleveland Guardians,2019,6124,5425,1354,286,18,223,563,1332,0.25,0.323,0.432,0.319,0.369,4179,298,7.1,37.5,89.5,12.9,0.243,0.415,0.316,0.365,48.1,68.4,82.7,25.9,56.9,42.7,27.9,46.3,24.2,7.3,68.4,82.7,25.9,56.9,42.7,27.9,46.3,24.2,7.3,2,112
Cleveland Guardians,2020,2247,1959,446,96,5,59,239,517,0.228,0.317,0.372,0.303,0.34,1465,93,6.3,35.6,88.2,12.6,0.239,0.393,0.32,0.366,46.9,66.9,81.4,24.8,55.2,41.9,28.2,44.5,25.4,7.2,66.9,81.4,24.8,55.2,41.9,28.2,44.5,25.4,7.2,2,39
Cleveland Guardians,2021,5907,5332,1269,248,22,203,453,1387,0.238,0.303,0.407,0.306,0.364,4001,307,7.7,38.6,88.9,12.1,0.243,0.402,0.312,0.372,48.4,67.8,80.7,29,56.5,41.9,27.8,47.7,26.3,7.4,67.8,80.7,29,56.5,41.9,27.8,47.7,26.3,7.4,2,-10
Cleveland Guardians,2022,6163,5558,1410,273,31,127,450,1122,0.254,0.316,0.383,0.306,0.339,4510,220,4.9,33.1,87.2,11.7,0.245,0.361,0.298,0.329,48.8,65.4,85.3,30.9,64.9,42.5,26.9,47.7,21,7.5,65.4,85.3,30.9,64.9,42.5,26.9,47.7,21,7.5,1,64
Colorado Rockies,2015,6071,5572,1479,274,49,186,388,1283,0.265,0.315,0.432,0.321,0.384,4367,225,5.2,33.2,88.4,10.9,0.239,0.378,0.295,0.351,48.9,68.6,82,31.7,60.6,43.2,30.4,49.7,23.7,7.1,68.6,82,31.7,60.6,43.2,30.4,49.7,23.7,7.1,5,-107
Colorado Rockies,2016,6236,5614,1544,318,47,204,494,1330,0.275,0.336,0.457,0.339,0.402,4372,271,6.2,35.7,88.5,10.9,0.254,0.413,0.317,0.373,48.8,67,82.6,29.9,60.7,42.1,26.1,48,23.3,7.3,67,82.6,29.9,60.7,42.1,26.1,48,23.3,7.3,3,-15
Colorado Rockies,2017,6200,5534,1510,293,38,192,519,1408,0.273,0.338,0.444,0.332,0.4,4229,216,5.1,31.9,86.8,10,0.244,0.391,0.305,0.36,50.6,66.4,81.4,28.4,57.4,42.4,27.4,47.6,24.8,8,66.4,81.4,28.4,57.4,42.4,27.4,47.6,24.8,8,3,67
Colorado Rockies,2018,6178,5541,1418,280,42,210,507,1397,0.256,0.322,0.435,0.325,0.388,4223,268,6.3,36.8,88.9,10,0.241,0.396,0.309,0.365,49.1,69.7,81.2,29.1,56.5,43,32.5,49,25.4,7.5,69.7,81.2,29.1,56.5,43,32.5,49,25.4,7.5,2,35
Colorado Rockies,2019,6288,5660,1502,323,41,224,489,1503,0.265,0.326,0.456,0.328,0.401,4251,273,6.4,35.5,88.5,12.5,0.245,0.406,0.307,0.371,47.5,69.8,81.2,30.2,57.1,42.3,33,49,25.9,7,69.8,81.2,30.2,57.1,42.3,33,49,25.9,7,4,-123
Colorado Rockies,2020,2257,2057,528,84,16,63,161,543,0.257,0.311,0.405,0.307,0.376,1540,88,5.7,31.7,87,13.3,0.238,0.38,0.295,0.358,48.9,68.2,81.6,30.1,55.6,41.6,27.7,48.8,26.1,7.1,68.2,81.6,30.1,55.6,41.6,27.7,48.8,26.1,7.1,4,-78
Colorado Rockies,2021,6007,5374,1338,275,34,182,491,1356,0.249,0.317,0.414,0.315,0.371,4102,270,6.6,36.1,87.7,11.3,0.24,0.389,0.306,0.359,49.4,69.5,81.2,29.5,55.9,42.6,32.2,49.2,25.5,7.6,69.5,81.2,29.5,55.9,42.6,32.2,49.2,25.5,7.6,4,-57
Colorado Rockies,2022,6105,5540,1408,280,34,149,453,1330,0.254,0.315,0.398,0.312,0.365,4260,252,5.9,36.8,87.6,9.9,0.244,0.369,0.301,0.348,49.6,66.5,83.4,30.5,59.9,43,29.8,48.4,23.8,7.4,66.5,83.4,30.5,59.9,43,29.8,48.4,23.8,7.4,5,-175
Detroit Tigers,2015,6159,5605,1515,289,49,151,455,1259,0.27,0.328,0.42,0.324,0.378,4404,266,6,34.7,88.4,12.4,0.26,0.419,0.324,0.379,48.9,67.8,83.2,30.8,61.3,42.9,31.4,48.9,23,7.3,67.8,83.2,30.8,61.3,42.9,31.4,48.9,23,7.3,5,-114
Detroit Tigers,2016,6127,5526,1476,252,30,211,493,1303,0.267,0.331,0.438,0.33,0.387,4278,347,8.1,36.8,89,13.1,0.264,0.458,0.339,0.4,49.1,65.9,83.4,29.3,60,42.8,28.4,47.3,23.4,7.6,65.9,83.4,29.3,60,42.8,28.4,47.3,23.4,7.6,2,29
Detroit Tigers,2017,6149,5556,1435,289,35,187,503,1313,0.258,0.324,0.424,0.321,0.373,4281,303,7.1,35.8,87.5,12.6,0.265,0.45,0.335,0.394,49.8,67.2,82.7,27.7,59.4,42.9,29,47.4,23.8,7.5,67.2,82.7,27.7,59.4,42.9,29,47.4,23.8,7.5,5,-159
Detroit Tigers,2018,6029,5494,1326,284,35,135,428,1341,0.241,0.3,0.38,0.295,0.346,4208,241,5.7,33.3,87.6,13.1,0.242,0.383,0.302,0.356,48.7,68.4,82.3,31.9,58.4,42.5,30.4,49.6,25.1,7.2,68.4,82.3,31.9,58.4,42.5,30.4,49.6,25.1,7.2,3,-166
Detroit Tigers,2019,6039,5549,1333,292,41,149,391,1595,0.24,0.294,0.388,0.29,0.362,4005,258,6.4,36.5,88.1,14.1,0.236,0.395,0.295,0.371,47.6,67.4,80.1,35,56.3,41.9,30.4,50.5,28.2,6.9,67.4,80.1,35,56.3,41.9,30.4,50.5,28.2,6.9,5,-333
Detroit Tigers,2020,2076,1893,463,78,12,62,147,567,0.245,0.303,0.397,0.303,0.382,1341,97,7.2,39.4,88.5,12.6,0.242,0.398,0.306,0.388,46.5,68.4,80.1,31.2,50.4,41.9,28.9,48.5,29.9,6.8,68.4,80.1,31.2,50.4,41.9,28.9,48.5,29.9,6.8,5,-69
Detroit Tigers,2021,5979,5376,1299,236,37,179,490,1514,0.242,0.308,0.399,0.306,0.372,3929,302,7.7,38.1,88.4,13.3,0.238,0.397,0.308,0.376,48.6,68.5,79.6,29.3,54.8,42.5,30,48.4,27.7,7.1,68.5,79.6,29.3,54.8,42.5,30,48.4,27.7,7.1,3,-59
Detroit Tigers,2022,5870,5378,1240,235,27,110,380,1413,0.231,0.286,0.346,0.279,0.333,4019,251,6.2,36.4,87.6,11.8,0.234,0.358,0.288,0.347,47.5,69.7,81,33.6,56.3,42.5,32.3,50.8,27.2,7.2,69.7,81,33.6,56.3,42.5,32.3,50.8,27.2,7.2,4,-156
Houston Astros,2015,6072,5459,1363,278,26,230,486,1392,0.25,0.315,0.437,0.325,0.388,4138,279,6.7,35.8,88.7,13.3,0.237,0.402,0.311,0.369,47.3,68.9,79.6,29.2,59.8,42.2,33.6,48,26,7.2,68.9,79.6,29.2,59.8,42.2,33.6,48,26,7.2,2,111
Houston Astros,2016,6204,5545,1367,291,29,198,554,1452,0.247,0.319,0.417,0.317,0.376,4151,296,7.1,36,88.7,11.5,0.244,0.416,0.319,0.381,47.2,67.9,79.9,28.6,58.6,42.3,34.8,47.1,26.2,6.8,67.9,79.9,28.6,58.6,42.3,34.8,47.1,26.2,6.8,3,23
Houston Astros,2017,6263,5611,1581,346,20,238,509,1087,0.282,0.346,0.478,0.349,0.389,4596,273,5.9,35.2,88,12.4,0.268,0.443,0.335,0.371,46.6,66.1,85.8,27.5,65.7,42.5,28.8,45.5,20.4,6.8,66.1,85.8,27.5,65.7,42.5,28.8,45.5,20.4,6.8,1,196
Houston Astros,2018,6139,5453,1390,278,18,205,565,1197,0.255,0.329,0.425,0.327,0.366,4315,260,6,34.8,88,13.5,0.241,0.396,0.315,0.349,47.8,64.4,84.2,26.3,63.5,42.6,29,44.5,21.7,7.3,64.4,84.2,26.3,63.5,42.6,29,44.5,21.7,7.3,1,263
Houston Astros,2019,6394,5613,1538,323,28,288,645,1166,0.274,0.352,0.495,0.355,0.394,4514,307,6.8,36.3,88.4,13.4,0.258,0.442,0.338,0.372,47.6,65.2,85.5,26.5,63.4,42.3,28.9,45,20.9,7.1,65.2,85.5,26.5,63.4,42.3,28.9,45,20.9,7.1,1,280
Houston Astros,2020,2229,1992,478,103,12,69,192,440,0.24,0.312,0.408,0.311,0.346,1571,90,5.7,35.2,88.3,14.4,0.247,0.399,0.316,0.353,48.1,67.2,84.3,27.1,61.6,42.9,31,46.4,22.2,6.9,67.2,84.3,27.1,61.6,42.9,31,46.4,22.2,6.9,2,4
Houston Astros,2021,6291,5593,1496,299,14,221,569,1222,0.267,0.339,0.444,0.336,0.38,4434,342,7.7,40.8,89.5,14,0.262,0.437,0.336,0.379,49,65.9,85.4,25.7,62.2,42,30.7,45.4,21,7.4,65.9,85.4,25.7,62.2,42,30.7,45.4,21,7.4,1,205
Houston Astros,2022,6054,5409,1341,284,13,214,528,1179,0.248,0.319,0.424,0.324,0.364,4281,346,8.1,39.1,88.7,14.2,0.249,0.412,0.324,0.364,47.5,68.9,84.6,29.2,59.4,42,35.5,48,23.2,7.1,68.9,84.6,29.2,59.4,42,35.5,48,23.2,7.1,1,219
Kansas City Royals,2015,6116,5575,1497,300,42,139,383,973,0.269,0.322,0.412,0.318,0.35,4683,209,4.5,32.5,88,11.3,0.264,0.401,0.318,0.351,47.8,65.9,87.6,31.2,64.6,42.4,27.4,47.8,19.6,6.8,65.9,87.6,31.2,64.6,42.4,27.4,47.8,19.6,6.8,1,83
Kansas City Royals,2016,6051,5552,1450,264,33,147,382,1224,0.261,0.312,0.4,0.307,0.358,4400,225,5.1,33.9,88.4,10.6,0.251,0.391,0.303,0.352,48.2,67.8,84.3,32.4,59.2,42.3,30.4,49.5,23.3,7.1,67.8,84.3,32.4,59.2,42.3,30.4,49.5,23.3,7.1,3,-37
Kansas City Royals,2017,6025,5536,1436,260,24,193,390,1166,0.259,0.311,0.42,0.312,0.359,4424,258,5.8,32.6,87.4,13.5,0.262,0.428,0.32,0.37,48.4,71.5,83.8,31.4,61.8,42.7,32,50.8,22.8,7.5,71.5,83.8,31.4,61.8,42.7,32,50.8,22.8,7.5,3,-89
Kansas City Royals,2018,6063,5505,1350,283,29,155,427,1310,0.245,0.305,0.392,0.303,0.352,4259,281,6.6,34.7,88.2,13.6,0.246,0.404,0.313,0.366,48,68.6,83.2,30.2,55.8,42.3,30.9,48.7,25,7.5,68.6,83.2,30.2,55.8,42.3,30.9,48.7,25,7.5,5,-195
Kansas City Royals,2019,6080,5496,1356,281,40,162,456,1405,0.247,0.309,0.401,0.302,0.357,4157,262,6.3,33.1,88,12.2,0.24,0.395,0.302,0.359,48.8,68.2,82.7,28.3,53.3,42.6,31.4,47.7,25.6,7,68.2,82.7,28.3,53.3,42.6,31.4,47.7,25.6,7,4,-178
Kansas City Royals,2020,2200,1988,485,97,7,68,172,527,0.244,0.309,0.402,0.308,0.368,1479,101,6.8,33.9,87.1,11.6,0.249,0.4,0.313,0.377,46.6,68.3,80,28.9,54.3,41.6,29.8,47.3,27.8,7.2,68.3,80,28.9,54.3,41.6,29.8,47.3,27.8,7.2,4,-24
Kansas City Royals,2021,5993,5427,1349,251,29,163,421,1258,0.249,0.306,0.396,0.304,0.351,4252,295,6.9,39.2,89.2,12.7,0.247,0.408,0.312,0.362,48,71.6,82.2,30.7,55.7,41.9,34.4,50.3,25.5,7.4,71.6,82.2,30.7,55.7,41.9,34.4,50.3,25.5,7.4,4,-102
Kansas City Royals,2022,6010,5437,1327,247,38,138,460,1287,0.244,0.306,0.38,0.302,0.347,4214,302,7.2,37.8,88.8,12.9,0.243,0.392,0.309,0.359,48.3,70.2,82,30.1,57.8,42.6,33.6,49.5,25.1,7.3,70.2,82,30.1,57.8,42.6,33.6,49.5,25.1,7.3,5,-170
Los Angeles Angels,2015,5987,5417,1331,243,21,176,435,1150,0.246,0.307,0.396,0.305,0.345,4344,236,5.4,30.9,87.8,11.2,0.248,0.396,0.311,0.355,48.5,63.7,85.3,29.3,62.9,41.7,26.1,46,21.4,7.3,63.7,85.3,29.3,62.9,41.7,26.1,46,21.4,7.3,3,-14
Los Angeles Angels,2016,6038,5431,1410,279,20,156,471,991,0.26,0.322,0.405,0.314,0.341,4525,243,5.4,33.8,88.4,10.9,0.261,0.413,0.322,0.352,49.2,66.3,86.4,28.8,63.3,42.9,29.8,47.3,20.2,7.3,66.3,86.4,28.8,63.3,42.9,29.8,47.3,20.2,7.3,4,-10
Los Angeles Angels,2017,6072,5415,1314,251,14,186,523,1198,0.243,0.315,0.397,0.307,0.342,4280,233,5.4,32,86.9,10.9,0.246,0.403,0.314,0.352,48.5,66.2,82.8,26.9,59.8,42.5,27.4,45.9,23.4,7.3,66.2,82.8,26.9,59.8,42.5,27.4,45.9,23.4,7.3,2,1
Los Angeles Angels,2018,6106,5472,1323,249,23,214,514,1300,0.242,0.313,0.413,0.313,0.36,4218,317,7.5,36.8,88.2,13.5,0.244,0.41,0.318,0.368,49.6,65.1,82.6,26,59.8,43.2,25.9,45.4,23.7,7.7,65.1,82.6,26,59.8,43.2,25.9,45.4,23.7,7.7,4,-1
Los Angeles Angels,2019,6251,5542,1368,268,21,220,586,1276,0.247,0.324,0.422,0.316,0.356,4312,293,6.8,34.4,88,13,0.251,0.42,0.324,0.367,49.5,61.6,83.6,25.4,61.3,42.9,22.6,43.3,22.8,7.4,61.6,83.6,25.4,61.3,42.9,22.6,43.3,22.8,7.4,4,-99
Los Angeles Angels,2020,2308,2020,501,97,8,85,239,490,0.248,0.332,0.43,0.329,0.372,1554,108,6.9,36.9,89.1,13.7,0.248,0.417,0.33,0.373,50.4,61.4,82.7,24.2,58.2,42.8,21.7,42.9,23.9,7.5,61.4,82.7,24.2,58.2,42.8,21.7,42.9,23.9,7.5,4,-27
Los Angeles Angels,2021,6016,5437,1331,265,23,190,464,1394,0.245,0.31,0.407,0.308,0.368,4098,319,7.8,35.1,87.9,12.3,0.246,0.404,0.311,0.372,48.8,67.2,81.6,29.8,58.9,42.1,30.2,48.1,25,7.7,67.2,81.6,29.8,58.9,42.1,30.2,48.1,25,7.7,4,-81
Los Angeles Angels,2022,5977,5423,1265,219,31,190,449,1539,0.233,0.297,0.39,0.3,0.371,3934,334,8.5,35.8,88.3,13.7,0.231,0.387,0.3,0.371,50.1,67.8,79.2,27.9,55,43.4,32.4,47.9,27.2,7.5,67.8,79.2,27.9,55,43.4,32.4,47.9,27.2,7.5,3,-45
Los Angeles Dodgers,2015,6088,5385,1346,263,26,187,563,1258,0.25,0.326,0.413,0.322,0.367,4206,263,6.3,35.3,88.6,11.7,0.247,0.411,0.325,0.373,47.9,67.1,83.1,28.1,59.3,42.7,30.3,46.8,23.5,7.2,67.1,83.1,28.1,59.3,42.7,30.3,46.8,23.5,7.2,1,72
Los Angeles Dodgers,2016,6163,5518,1376,272,21,189,525,1321,0.249,0.319,0.409,0.315,0.363,4259,281,6.6,37.2,89.3,10.8,0.251,0.416,0.32,0.373,48.5,66.9,83.1,26.6,58.5,42.7,28.7,46.1,23.4,7.5,66.9,83.1,26.6,58.5,42.7,28.7,46.1,23.4,7.5,1,87
Los Angeles Dodgers,2017,6190,5408,1347,312,20,221,649,1380,0.249,0.334,0.437,0.33,0.381,4097,304,7.4,36.4,88.3,12.2,0.249,0.438,0.334,0.387,48.8,65.7,81.1,23.6,57.5,42.6,27.1,44.1,24.3,7.3,65.7,81.1,23.6,57.5,42.6,27.1,44.1,24.3,7.3,1,190
Los Angeles Dodgers,2018,6358,5572,1394,296,33,235,647,1436,0.25,0.333,0.442,0.333,0.39,4214,348,8.3,37.6,89.2,14.5,0.242,0.425,0.328,0.385,49.9,63.7,80.8,24,57.7,43.1,24.9,43.8,24.9,7.5,63.7,80.8,24,57.7,43.1,24.9,43.8,24.9,7.5,1,194
Los Angeles Dodgers,2019,6282,5493,1414,302,20,279,607,1356,0.257,0.338,0.472,0.338,0.394,4238,341,8,38.4,89.3,14.5,0.253,0.45,0.335,0.389,48.7,66.4,81.6,25.3,56.4,42.3,27.3,45.3,24.9,6.9,66.4,81.6,25.3,56.4,42.3,27.3,45.3,24.9,6.9,1,273
Los Angeles Dodgers,2020,2316,2042,523,97,6,118,228,471,0.256,0.338,0.483,0.35,0.398,1586,164,10.3,43.9,90,15,0.267,0.491,0.362,0.416,49.2,67.4,82.3,23.4,55.1,42.6,30.4,45,24.6,7.4,67.4,82.3,23.4,55.1,42.6,30.4,45,24.6,7.4,1,136
Los Angeles Dodgers,2021,6239,5445,1330,247,24,237,613,1408,0.244,0.33,0.429,0.327,0.378,4114,360,8.8,40.3,89.5,14.7,0.243,0.424,0.329,0.382,50,67.5,81.5,23.7,54.9,42.6,28.9,45.6,24.9,7.8,67.5,81.5,23.7,54.9,42.6,28.9,45.6,24.9,7.8,2,269
Los Angeles Dodgers,2022,6247,5526,1418,325,31,212,607,1374,0.257,0.333,0.442,0.337,0.392,4208,388,9.2,41.9,89.5,15.8,0.246,0.423,0.33,0.382,49.2,68.1,81.2,25.6,57.6,42.7,31.2,46.5,25.2,7.6,68.1,81.2,25.6,57.6,42.7,31.2,46.5,25.2,7.6,1,334
Miami Marlins,2015,5988,5463,1420,236,40,120,375,1150,0.26,0.31,0.384,0.302,0.347,4424,190,4.3,32.4,88.3,6.2,0.251,0.377,0.301,0.348,49.2,64.2,84.3,30.2,63.2,42.4,28.2,47,21.1,7.8,64.2,84.3,30.2,63.2,42.4,28.2,47,21.1,7.8,3,-65
Miami Marlins,2016,6133,5547,1460,259,42,128,447,1213,0.263,0.322,0.394,0.309,0.355,4419,211,4.8,33.6,88.4,8.3,0.255,0.386,0.307,0.352,48.5,63.3,84.8,29.7,60.5,42.4,24.9,46,22.2,7.3,63.3,84.8,29.7,60.5,42.4,24.9,46,22.2,7.3,3,-27
Miami Marlins,2017,6246,5602,1497,271,31,194,486,1282,0.267,0.331,0.431,0.325,0.377,4411,258,5.8,31.8,87,8.4,0.256,0.413,0.318,0.368,49.3,65.8,83.3,28.7,60.8,42.4,26.8,47,22.4,7.6,65.8,83.3,28.7,60.8,42.4,26.8,47,22.4,7.6,2,-44
Miami Marlins,2018,6080,5488,1303,222,24,128,455,1384,0.237,0.303,0.357,0.289,0.337,4168,216,5.2,32.7,87.5,9.8,0.236,0.364,0.295,0.346,49.9,65.2,82.4,28.5,57.3,42.1,26.1,46.8,24.2,8,65.2,82.4,28.5,57.3,42.1,26.1,46.8,24.2,8,5,-220
Miami Marlins,2019,6045,5512,1326,265,18,146,395,1469,0.241,0.298,0.375,0.288,0.347,4107,241,5.9,35.2,88.3,9.1,0.24,0.385,0.297,0.36,47.2,65.7,82.3,32.9,55.6,42.9,29.6,48.4,26.4,7,65.7,82.3,32.9,55.6,42.9,29.6,48.4,26.4,7,5,-193
Miami Marlins,2020,2167,1935,472,82,5,60,191,537,0.244,0.319,0.384,0.308,0.366,1413,88,6.2,34.5,87.4,10.2,0.236,0.378,0.305,0.363,46.6,65.8,79.9,29.5,55.8,42.7,29.7,46.4,27.9,6.8,65.8,79.9,29.5,55.8,42.7,29.7,46.4,27.9,6.8,2,-41
Miami Marlins,2021,5929,5348,1244,226,23,158,450,1553,0.233,0.298,0.372,0.291,0.358,3856,247,6.4,37.2,88.1,11,0.227,0.365,0.29,0.356,48.5,67,80.1,31.2,53.3,42.3,28.7,48.6,27.8,7.4,67,80.1,31.2,53.3,42.3,28.7,48.6,27.8,7.4,4,-78
Miami Marlins,2022,5949,5395,1241,248,20,144,436,1429,0.23,0.294,0.363,0.29,0.344,4006,282,7,37.2,88.2,10.9,0.235,0.373,0.298,0.356,48,67.7,81.5,30.5,54.7,42.7,32.2,48.4,26.9,7.1,67.7,81.5,30.5,54.7,42.7,32.2,48.4,26.9,7.1,4,-90
Milwaukee Brewers,2015,6022,5480,1378,274,34,145,412,1299,0.251,0.307,0.393,0.304,0.359,4270,203,4.8,32.1,88,9.8,0.236,0.373,0.294,0.347,48.3,68,82.8,32.8,61.9,42.8,33,49.8,23.1,7.1,68,82.8,32.8,61.9,42.8,33,49.8,23.1,7.1,4,-82
Milwaukee Brewers,2016,6059,5330,1299,249,19,194,599,1543,0.244,0.322,0.407,0.315,0.383,3879,250,6.4,34.1,88.6,10.1,0.233,0.383,0.306,0.369,48.3,65.4,79.1,27.1,54.7,41.8,29.7,45.6,26.9,7.3,65.4,79.1,27.1,54.7,41.8,29.7,45.6,26.9,7.3,4,-62
Milwaukee Brewers,2017,6135,5467,1363,267,22,224,547,1571,0.249,0.322,0.429,0.321,0.396,3964,255,6.4,33.2,87.1,10.7,0.237,0.395,0.307,0.374,47.6,67.6,77.8,28.5,58,42.7,29.6,47.1,27.5,7,67.6,77.8,28.5,58,42.7,29.6,47.1,27.5,7,2,35
Milwaukee Brewers,2018,6207,5542,1398,252,24,218,537,1458,0.252,0.323,0.424,0.322,0.385,4154,314,7.6,37.8,88.9,10.2,0.242,0.407,0.317,0.378,48.9,65.6,81.5,29,57,43.1,28.2,46.9,25.5,7.2,65.6,81.5,29,57,43.1,28.2,46.9,25.5,7.2,1,95
Milwaukee Brewers,2019,6309,5542,1366,279,17,250,629,1563,0.246,0.329,0.438,0.324,0.389,4037,329,8.1,40,89.7,12,0.242,0.427,0.324,0.39,47.2,65.5,81.1,28.1,54.5,42.6,26.6,45.7,27,6.7,65.5,81.1,28.1,54.5,42.6,26.6,45.7,27,6.7,2,3
Milwaukee Brewers,2020,2188,1920,429,83,5,75,221,582,0.223,0.313,0.389,0.307,0.366,1348,107,7.9,36.7,88.2,12,0.24,0.407,0.324,0.395,46.7,64.4,79,26.3,49.3,42.4,25.7,44.1,30.2,6.7,64.4,79,26.3,49.3,42.4,25.7,44.1,30.2,6.7,4,-17
Milwaukee Brewers,2021,6099,5362,1251,255,18,194,586,1465,0.233,0.317,0.396,0.31,0.362,3957,299,7.6,38.4,88.4,12.5,0.233,0.387,0.31,0.363,49.1,67,80.4,26.6,53.5,43.1,28.7,46.4,26.8,7.2,67,80.4,26.6,53.5,43.1,28.7,46.4,26.8,7.2,1,115
Milwaukee Brewers,2022,6122,5417,1271,251,17,219,577,1464,0.235,0.315,0.409,0.317,0.374,4001,349,8.7,39.8,89,13.5,0.236,0.396,0.315,0.371,49.2,65.9,81.8,26.2,55.2,42.5,26,45.7,25.7,7.4,65.9,81.8,26.2,55.2,42.5,26,45.7,25.7,7.4,2,37
Minnesota Twins,2015,6017,5467,1349,277,44,156,439,1264,0.247,0.305,0.399,0.305,0.355,4274,210,4.9,32.8,88.1,11.7,0.236,0.379,0.298,0.347,49.4,65.4,83.4,29.9,60.5,42.9,27.2,47.5,22.9,7.4,65.4,83.4,29.9,60.5,42.9,27.2,47.5,22.9,7.4,2,-4
Minnesota Twins,2016,6245,5618,1409,288,35,200,513,1426,0.251,0.316,0.421,0.317,0.376,4262,257,6,35,88.5,12.4,0.239,0.397,0.308,0.364,48.6,62.7,82.4,28.4,59.5,43.2,23.2,45.1,24,7.5,62.7,82.4,28.4,59.5,43.2,23.2,45.1,24,7.5,5,-167
Minnesota Twins,2017,6261,5557,1444,286,31,206,593,1342,0.26,0.334,0.434,0.329,0.38,4280,260,6.1,33.4,87.6,13.5,0.251,0.421,0.324,0.373,49.5,64.5,81.4,26,60.2,42.9,25.4,45,23.8,7.3,64.5,81.4,26,60.2,42.9,25.4,45,23.8,7.3,2,27
Minnesota Twins,2018,6154,5526,1379,317,22,166,534,1328,0.25,0.318,0.405,0.313,0.363,4255,275,6.5,34.1,87.9,14.3,0.236,0.389,0.306,0.354,49.1,64.5,83.9,26.7,59.6,43.1,25.4,45.3,22.8,7.5,64.5,83.9,26.7,59.6,43.1,25.4,45.3,22.8,7.5,2,-37
Minnesota Twins,2019,6392,5732,1547,318,23,307,525,1334,0.27,0.338,0.494,0.347,0.405,4449,447,10,39.8,89.7,14.9,0.262,0.486,0.346,0.405,46.4,69.4,83.4,30.1,58.3,41.1,32.1,48.4,24.7,6.9,69.4,83.4,30.1,58.3,41.1,32.1,48.4,24.7,6.9,1,185
Minnesota Twins,2020,2168,1937,468,81,3,91,186,528,0.242,0.315,0.427,0.319,0.382,1425,110,7.7,39.6,89.1,15.5,0.242,0.425,0.322,0.387,46.7,66.8,81.4,27.9,54.1,41.7,26.9,46.1,27.2,6.5,66.8,81.4,27.9,54.1,41.7,26.9,46.1,27.2,6.5,1,54
Minnesota Twins,2021,6078,5431,1311,271,17,228,525,1405,0.241,0.314,0.423,0.318,0.374,4075,416,10.2,41.6,89.9,13.1,0.253,0.448,0.335,0.399,48.5,68.4,81,26.7,55.6,42.1,30.8,46.9,26.2,7.2,68.4,81,26.7,55.6,42.1,30.8,46.9,26.2,7.2,5,-105
Minnesota Twins,2022,6113,5476,1356,269,18,178,518,1353,0.248,0.317,0.401,0.315,0.366,4179,365,8.7,41.1,89.6,13.1,0.247,0.419,0.323,0.378,48.7,67.2,82.2,28.5,58.3,42.7,29.4,47.4,25,7.4,67.2,82.2,28.5,58.3,42.7,29.4,47.4,25,7.4,3,12
New York Mets,2015,6144,5527,1351,295,17,177,488,1290,0.244,0.312,0.4,0.309,0.357,4298,240,5.6,34.6,88.7,12.6,0.246,0.4,0.314,0.365,48.6,65.3,84.3,27.8,61.4,42.5,25.4,46,22.1,7.3,65.3,84.3,27.8,61.4,42.5,25.4,46,22.1,7.3,1,70
New York Mets,2016,6114,5459,1342,240,19,218,517,1302,0.246,0.316,0.417,0.315,0.364,4233,260,6.1,33.9,88.2,14.7,0.244,0.406,0.313,0.363,46.7,65.4,84.2,28.7,61.5,42.8,25.5,45.8,22.5,6.8,65.4,84.2,28.7,61.5,42.8,25.5,45.8,22.5,6.8,2,54
New York Mets,2017,6169,5510,1379,286,28,224,529,1291,0.25,0.32,0.434,0.322,0.37,4292,262,6.1,33.5,87.1,14,0.245,0.416,0.316,0.363,49.1,66.1,82.8,27.8,61.1,42.4,27.1,46.6,23.1,7.4,66.1,82.8,27.8,61.1,42.4,27.1,46.6,23.1,7.4,4,-128
New York Mets,2018,6177,5468,1282,265,34,170,566,1404,0.234,0.312,0.389,0.305,0.352,4134,224,5.4,33.4,87.8,13.9,0.23,0.371,0.301,0.347,49,67.1,80.8,27.4,58.3,42.8,29.2,46.8,25.2,7.4,67.1,80.8,27.4,58.3,42.8,29.2,46.8,25.2,7.4,4,-31
New York Mets,2019,6290,5624,1445,280,17,242,516,1384,0.257,0.328,0.442,0.325,0.381,4295,315,7.3,38.1,89.1,11.1,0.252,0.427,0.323,0.379,46.9,71,81.3,31.4,58.6,42.1,35.8,50,25.5,6.8,71,81.3,31.4,58.6,42.1,35.8,50,25.5,6.8,3,54
New York Mets,2020,2279,2023,551,106,7,86,197,498,0.272,0.348,0.459,0.347,0.405,1539,116,7.5,37,88.4,9.8,0.255,0.427,0.333,0.384,47.7,70.3,82.5,29.3,58.4,43.4,34.6,48.9,24.9,6.7,70.3,82.5,29.3,58.4,43.4,34.6,48.9,24.9,6.7,4,-22
New York Mets,2021,5856,5210,1243,228,18,176,495,1392,0.239,0.315,0.391,0.307,0.361,3875,285,7.4,37.9,88.4,11.9,0.238,0.393,0.311,0.367,48.1,71.2,80.4,29.7,54.7,42.6,34.5,49.7,26.7,7.1,71.2,80.4,29.7,54.7,42.6,34.5,49.7,26.7,7.1,3,-32
New York Mets,2022,6176,5489,1422,272,27,171,510,1217,0.259,0.332,0.412,0.326,0.367,4336,309,7.1,37.1,88.2,11.9,0.251,0.404,0.322,0.361,48.5,68,82.6,29.5,61,43.3,30.5,48.2,23.8,7,68,82.6,29.5,61,43.3,30.5,48.2,23.8,7,2,166
New York Yankees,2015,6264,5567,1397,272,19,212,554,1227,0.251,0.323,0.421,0.323,0.364,4418,235,5.3,34.2,88.2,13.4,0.245,0.396,0.318,0.358,47.6,64,85.2,26.5,62.3,42.7,24.5,44.4,21.5,7,64,85.2,26.5,62.3,42.7,24.5,44.4,21.5,7,2,66
New York Yankees,2016,6048,5458,1378,245,20,183,475,1188,0.252,0.315,0.405,0.311,0.352,4341,216,5,32.8,88.1,11.3,0.247,0.388,0.305,0.345,47.9,64.8,85.2,28.9,62.7,43,27,46.1,21.7,6.9,64.8,85.2,28.9,62.7,43,27,46.1,21.7,6.9,4,-22
New York Yankees,2017,6349,5594,1463,266,23,241,616,1386,0.262,0.339,0.447,0.336,0.389,4282,310,7.2,33.7,87.6,12.6,0.254,0.433,0.332,0.385,47.3,66.5,81.5,26.5,56.8,41.8,29.3,45.4,25.7,6.9,66.5,81.5,26.5,56.8,41.8,29.3,45.4,25.7,6.9,2,198
New York Yankees,2018,6271,5515,1374,269,23,267,625,1421,0.249,0.329,0.451,0.335,0.393,4163,363,8.7,38.3,89.4,13.5,0.245,0.434,0.332,0.388,46.5,66.3,81.7,26.9,56.7,41.7,27.5,45.2,26,6.8,66.3,81.7,26.9,56.7,41.7,27.5,45.2,26,6.8,2,182
New York Yankees,2019,6245,5583,1493,290,17,306,569,1437,0.267,0.339,0.49,0.346,0.416,4189,394,9.4,40.7,90,13.5,0.254,0.462,0.337,0.402,47.1,67.3,81.8,27.8,55.9,41.7,30,46.4,26.2,7.3,67.3,81.8,27.8,55.9,41.7,30,46.4,26.2,7.3,1,204
New York Yankees,2020,2210,1915,473,87,7,94,251,480,0.247,0.342,0.447,0.341,0.385,1447,111,7.7,39.1,89.2,11.8,0.258,0.442,0.347,0.395,47.2,66.1,81.4,23.2,53.7,41.9,28,43.4,26.1,7.1,66.1,81.4,23.2,53.7,41.9,28,43.4,26.1,7.1,2,45
New York Yankees,2021,6060,5331,1266,213,12,222,621,1482,0.237,0.322,0.407,0.317,0.373,3893,380,9.8,42.8,89.9,12.5,0.245,0.425,0.33,0.394,48.5,65.8,79.7,24.5,54.9,42.1,26.5,44.6,27.1,7,65.8,79.7,24.5,54.9,42.1,26.5,44.6,27.1,7,2,42
New York Yankees,2022,6172,5422,1308,225,8,254,620,1391,0.241,0.325,0.426,0.327,0.38,4086,411,10.1,41.9,89.7,13.3,0.244,0.427,0.33,0.385,48.6,64.6,80.6,27.8,58.3,42.8,28.6,45.7,26.1,7.6,64.6,80.6,27.8,58.3,42.8,28.6,45.7,26.1,7.6,1,240
Oakland Athletics,2015,6168,5600,1405,277,46,146,475,1119,0.251,0.312,0.395,0.308,0.342,4533,197,4.3,30,87.3,10.8,0.241,0.372,0.301,0.334,48.9,62.3,86.9,28.2,65.1,43,24.1,44.9,19.7,7.1,62.3,86.9,28.2,65.1,43,24.1,44.9,19.7,7.1,5,-35
Oakland Athletics,2016,6022,5500,1352,270,21,169,442,1145,0.246,0.304,0.395,0.302,0.34,4402,258,5.9,32.9,87.8,12.7,0.252,0.413,0.314,0.357,49.4,64.8,84.1,28.2,62.6,42.9,26.5,46.3,22.1,7.7,64.8,84.1,28.2,62.6,42.9,26.5,46.3,22.1,7.7,5,-108
Oakland Athletics,2017,6125,5464,1344,305,15,234,565,1491,0.246,0.319,0.436,0.323,0.387,4026,315,7.8,37.1,88.5,15.3,0.246,0.441,0.328,0.396,49,67.9,80.2,25.6,55.8,42.5,28.6,46.3,26.4,7.4,67.9,80.2,25.6,55.8,42.5,28.6,46.3,26.4,7.4,5,-87
Oakland Athletics,2018,6255,5579,1407,322,20,227,550,1381,0.252,0.325,0.439,0.329,0.385,4248,352,8.3,39.4,89.5,14.9,0.248,0.438,0.331,0.387,49.7,67.2,82.1,25,58,43.2,27.6,46,24.3,7.7,67.2,82.1,25,58,43.2,27.6,46,24.3,7.7,2,139
Oakland Athletics,2019,6269,5561,1384,292,23,257,578,1338,0.249,0.327,0.448,0.327,0.375,4266,359,8.4,39.2,89.3,14.2,0.254,0.455,0.337,0.389,48.8,66.3,82,25.2,56.9,42.4,27.6,45.3,24.9,7.1,66.3,82,25.2,56.9,42.4,27.6,45.3,24.9,7.1,2,165
Oakland Athletics,2020,2201,1908,430,91,11,71,238,524,0.225,0.322,0.396,0.314,0.356,1400,107,7.6,37.1,89,17.1,0.234,0.41,0.326,0.374,49.2,65.4,80.8,23.5,54.9,42.8,27.4,44.1,26,7.5,65.4,80.8,23.5,54.9,42.8,27.4,44.1,26,7.5,1,42
Oakland Athletics,2021,6104,5395,1284,271,19,199,545,1349,0.238,0.317,0.406,0.313,0.358,4112,358,8.7,39.6,89,14.1,0.244,0.423,0.326,0.377,49.8,68,81.4,26.3,56.5,42.3,28,47,25.2,7.7,68,81.4,26.3,56.5,42.3,28,47,25.2,7.7,3,56
Oakland Athletics,2022,5863,5314,1147,249,15,137,433,1389,0.216,0.281,0.346,0.277,0.324,3980,252,6.3,34.2,87.7,11.7,0.224,0.351,0.285,0.336,49,69.1,80.9,29.8,53.7,42.7,32.4,49.1,27,7.7,69.1,80.9,29.8,53.7,42.7,32.4,49.1,27,7.7,5,-202
Philadelphia Phillies,2015,6052,5529,1374,272,37,130,387,1274,0.249,0.303,0.382,0.298,0.348,4337,177,4.1,29.7,87.4,10.7,0.242,0.367,0.295,0.345,47.9,66.6,84.6,31.9,58.9,42.7,29.8,48.5,23.1,6.7,66.6,84.6,31.9,58.9,42.7,29.8,48.5,23.1,6.7,5,-183
Philadelphia Phillies,2016,5992,5434,1305,231,35,161,424,1376,0.24,0.301,0.384,0.296,0.352,4134,208,5,34,88.3,10.2,0.234,0.369,0.292,0.347,47.4,68.1,81.4,32,59.5,42.2,32.1,49.1,24.7,6.9,68.1,81.4,32,59.5,42.2,32.1,49.1,24.7,6.9,4,-186
Philadelphia Phillies,2017,6133,5535,1382,287,36,174,494,1417,0.25,0.315,0.409,0.31,0.368,4175,240,5.7,33.2,87.4,10.1,0.241,0.388,0.303,0.358,48.9,67.4,80.8,28.5,58.6,42.1,29,47.5,25.2,7.3,67.4,80.8,28.5,58.6,42.1,29,47.5,25.2,7.3,5,-92
Philadelphia Phillies,2018,6135,5424,1270,241,30,186,582,1520,0.234,0.314,0.393,0.307,0.366,3968,259,6.5,35.3,88.1,13.3,0.227,0.374,0.302,0.359,49.5,65.6,79.8,26.9,53.3,42.6,28.5,46.1,27.1,7.6,65.6,79.8,26.9,53.3,42.6,28.5,46.1,27.1,7.6,3,-51
Philadelphia Phillies,2019,6261,5571,1369,311,26,215,562,1453,0.246,0.319,0.427,0.314,0.372,4186,298,7.1,36.3,88.8,13.5,0.243,0.416,0.315,0.374,47.5,66.4,81.4,29.9,57.5,43.2,30.2,47.2,25.9,7.1,66.4,81.4,29.9,57.5,43.2,30.2,47.2,25.9,7.1,4,-20
Philadelphia Phillies,2020,2223,1948,500,90,10,82,229,480,0.257,0.342,0.439,0.336,0.386,1486,131,8.8,37.7,88.2,14.1,0.258,0.446,0.342,0.395,47.7,67.7,81.2,27.1,56.7,41.8,30.3,46.5,25.6,7.3,67.7,81.2,27.1,56.7,41.8,30.3,46.5,25.6,7.3,3,-5
Philadelphia Phillies,2021,6089,5366,1288,262,24,198,564,1402,0.24,0.318,0.408,0.313,0.366,4054,294,7.3,37,88.4,11.6,0.24,0.396,0.314,0.367,49.6,68.5,79.9,27.6,58.1,42,32,47.9,25.4,7.5,68.5,79.9,27.6,58.1,42,32,47.9,25.4,7.5,2,-11
Philadelphia Phillies,2022,6077,5496,1392,255,29,205,478,1363,0.253,0.317,0.422,0.322,0.381,4183,357,8.5,41.1,89.3,13,0.252,0.417,0.322,0.381,48.4,67.2,82.5,30.9,57.8,43.1,31.5,48.4,25.2,6.9,67.2,82.5,30.9,57.8,43.1,31.5,48.4,25.2,6.9,3,62
Pittsburg Pirates,2015,6285,5631,1462,292,27,140,461,1322,0.26,0.323,0.396,0.313,0.364,4413,251,5.7,35.7,88.5,9.3,0.251,0.402,0.316,0.37,48.5,66.7,82.6,29.3,59.8,43,30.2,47.4,23.4,7.1,66.7,82.6,29.3,59.8,43,30.2,47.4,23.4,7.1,2,101
Pittsburg Pirates,2016,6261,5542,1426,277,32,153,561,1334,0.257,0.332,0.402,0.318,0.365,4285,218,5.1,33.5,88.1,10.4,0.245,0.39,0.313,0.36,49.3,65.2,82.2,26.2,59.6,42.8,26.6,45.4,23.6,7.3,65.2,82.2,26.2,59.6,42.8,26.6,45.4,23.6,7.3,3,-29
Pittsburg Pirates,2017,6135,5458,1331,249,36,151,519,1213,0.244,0.318,0.386,0.304,0.338,4315,185,4.3,30.3,86.3,10.2,0.247,0.381,0.307,0.343,50.2,66.9,82.9,25.8,62.2,43.7,26.4,46.5,22,7.4,66.9,82.9,25.8,62.2,43.7,26.4,46.5,22,7.4,4,-63
Pittsburg Pirates,2018,6065,5447,1381,290,38,157,474,1229,0.254,0.317,0.407,0.312,0.358,4301,263,6.1,34.7,88.2,12.1,0.247,0.397,0.311,0.357,49.2,68.8,82.4,28.2,60.2,42.8,29.4,48.1,23.5,7.3,68.8,82.4,28.2,60.2,42.8,29.4,48.1,23.5,7.3,4,-1
Pittsburg Pirates,2019,6228,5657,1497,315,38,163,425,1213,0.265,0.321,0.42,0.313,0.36,4525,242,5.3,34.3,88.3,10.2,0.258,0.411,0.312,0.36,46.6,71.9,83.6,30.6,60.8,42.8,34.5,49.8,23.3,6.6,71.9,83.6,30.6,60.8,42.8,34.5,49.8,23.3,6.6,5,-153
Pittsburg Pirates,2020,2134,1932,425,76,6,59,167,521,0.22,0.284,0.357,0.279,0.33,1433,99,6.9,36.8,88.1,10.2,0.235,0.381,0.299,0.36,46.1,68.6,81.2,29.2,51.1,42.3,30.9,47.3,28.3,6.6,68.6,81.2,29.2,51.1,42.3,30.9,47.3,28.3,6.6,5,-79
Pittsburg Pirates,2021,5983,5336,1261,240,35,124,529,1328,0.236,0.309,0.364,0.294,0.336,4076,219,5.4,34.2,87.5,10.3,0.238,0.364,0.299,0.344,48.9,67.9,83.2,26.7,54.6,42.1,31.5,46.8,24.3,7.5,67.9,83.2,26.7,54.6,42.1,31.5,46.8,24.3,7.5,5,-224
Pittsburg Pirates,2022,5911,5331,1186,221,29,158,476,1497,0.222,0.291,0.364,0.289,0.347,3885,256,6.6,37.3,88.3,11.6,0.225,0.353,0.289,0.347,48.9,64.4,83,28.1,52.2,43.6,28.6,45.8,26.2,7.4,64.4,83,28.1,52.2,43.6,28.6,45.8,26.2,7.4,4,-226
San Diego Padres,2015,6017,5457,1324,260,36,148,426,1327,0.243,0.3,0.385,0.298,0.351,4224,194,4.6,32.4,87.9,11.3,0.231,0.364,0.291,0.343,49,66.1,82.6,29.1,58,42.9,28.2,47.2,24.2,7.6,66.1,82.6,29.1,58,42.9,28.2,47.2,24.2,7.6,4,-81
San Diego Padres,2016,5999,5419,1275,257,26,177,449,1500,0.235,0.299,0.39,0.297,0.362,3992,218,5.5,32.3,87.4,11.7,0.232,0.375,0.293,0.357,49.3,65.4,80.5,28.9,58.3,43.1,29.8,46.9,25.5,7.1,65.4,80.5,28.9,58.3,43.1,29.8,46.9,25.5,7.1,5,-84
San Diego Padres,2017,5954,5356,1251,227,31,189,460,1499,0.234,0.299,0.393,0.298,0.362,3942,205,5.2,28.9,86.1,12.6,0.224,0.367,0.288,0.349,49.3,67.3,79.8,28.7,57.4,42.4,33.2,47.8,26.2,7.4,67.3,79.8,28.7,57.4,42.4,33.2,47.8,26.2,7.4,4,-212
San Diego Padres,2018,6059,5486,1289,250,30,162,471,1523,0.235,0.297,0.38,0.294,0.358,4034,228,5.7,34.4,88.5,9.6,0.227,0.359,0.288,0.351,49.5,66.2,79.5,29.2,56.1,42.6,29.2,47.5,26.8,7.2,66.2,79.5,29.2,56.1,42.6,29.2,47.5,26.8,7.2,5,-150
San Diego Padres,2019,6019,5391,1281,224,24,219,504,1581,0.238,0.308,0.41,0.305,0.375,3878,276,7.1,37.1,88.9,10.8,0.228,0.391,0.299,0.367,47.3,66.1,80,29.1,53.8,42.4,30.7,46.6,27.6,6.9,66.1,80,29.1,53.8,42.4,30.7,46.6,27.6,6.9,5,-107
San Diego Padres,2020,2231,1972,506,103,12,95,204,479,0.257,0.333,0.466,0.341,0.395,1519,151,9.9,42.2,89.8,11.8,0.271,0.481,0.357,0.42,48.6,64.7,82.2,24.2,58.9,42.1,28.7,43.9,23.8,7.1,64.7,82.2,24.2,58.9,42.1,28.7,43.9,23.8,7.1,2,84
San Diego Padres,2021,6119,5384,1305,273,21,180,586,1324,0.242,0.321,0.401,0.312,0.356,4142,314,7.6,40.7,89.4,10.5,0.245,0.401,0.318,0.365,49.4,66,82.5,25.1,56.1,42.1,29.5,45.3,24,7.6,66,82.5,25.1,56.1,42.1,29.5,45.3,24,7.6,3,21
San Diego Padres,2022,6175,5468,1317,275,18,153,574,1327,0.241,0.318,0.382,0.308,0.349,4204,274,6.5,37.7,88.4,13.2,0.237,0.374,0.307,0.347,49.1,65.4,82.8,27.2,58.7,43.4,30.5,45.9,24,7.1,65.4,82.8,27.2,58.7,43.4,30.5,45.9,24,7.1,2,45
San Francisco Giants,2015,6153,5565,1486,288,39,136,457,1159,0.267,0.326,0.406,0.318,0.361,4488,207,4.6,31.3,87.6,9.2,0.254,0.396,0.315,0.359,47.6,68.8,84.4,28.1,61.6,42.6,32.3,47.5,22,7.1,68.8,84.4,28.1,61.6,42.6,32.3,47.5,22,7.1,2,69
San Francisco Giants,2016,6268,5565,1437,280,54,130,572,1107,0.258,0.329,0.398,0.315,0.344,4546,219,4.8,31.1,87.5,11.3,0.254,0.394,0.316,0.348,48.2,67.8,85.5,27.3,61.5,42.6,30.6,46.8,20.8,7.2,67.8,85.5,27.3,61.5,42.6,30.6,46.8,20.8,7.2,2,84
San Francisco Giants,2017,6137,5551,1382,290,28,128,467,1204,0.249,0.309,0.38,0.296,0.335,4430,200,4.5,30,86.7,10.6,0.242,0.38,0.298,0.338,49.4,69.2,83.2,27.2,59.9,42.1,30.6,47.9,22.6,7.5,69.2,83.2,27.2,59.9,42.1,30.6,47.9,22.6,7.5,5,-137
San Francisco Giants,2018,6113,5541,1324,255,30,133,448,1467,0.239,0.3,0.368,0.29,0.348,4149,223,5.4,33.4,87.6,11.7,0.235,0.368,0.292,0.352,49.8,68.8,80.3,27.6,55,42.9,29.2,48.1,25.9,7.4,68.8,80.3,27.6,55,42.9,29.2,48.1,25.9,7.4,4,-96
San Francisco Giants,2019,6170,5579,1332,300,26,167,475,1435,0.239,0.302,0.392,0.295,0.348,4210,268,6.4,35.7,87.8,13.3,0.24,0.407,0.306,0.366,47,69.6,81,31.2,60.3,42.3,31.7,49.3,25.3,6.9,69.6,81,31.2,60.3,42.3,31.7,49.3,25.3,6.9,3,-95
San Francisco Giants,2020,2259,2019,532,107,14,81,195,499,0.263,0.335,0.451,0.337,0.395,1537,128,8.3,39.4,88.9,14.7,0.251,0.437,0.33,0.386,48.5,68.2,82,28.6,57.4,42.3,30.6,47.8,25.2,7.3,68.2,82,28.6,57.4,42.3,30.6,47.8,25.2,7.3,3,2
San Francisco Giants,2021,6196,5462,1360,271,25,241,602,1461,0.249,0.329,0.44,0.329,0.393,4067,377,9.3,38.8,88.7,14.8,0.24,0.428,0.324,0.385,49.7,68.3,80.5,24.2,55.5,42.7,30.3,46.1,25.1,7.5,68.3,80.5,24.2,55.5,42.7,30.3,46.1,25.1,7.5,1,210
San Francisco Giants,2022,6117,5392,1260,255,18,183,571,1462,0.234,0.315,0.389,0.31,0.362,3989,326,8.2,37.7,88.2,15.3,0.228,0.381,0.308,0.358,49.1,66.1,80.9,26.8,55.1,43,28.6,46.1,25.9,7.2,66.1,80.9,26.8,55.1,43,28.6,46.1,25.9,7.2,3,19
Seattle Mariners,2015,6131,5544,1379,262,22,198,478,1336,0.249,0.311,0.411,0.313,0.368,4281,300,7,38.8,89.9,11,0.252,0.42,0.323,0.384,47.9,65.9,82,28.8,59.3,42.9,27.3,46.6,24.7,6.6,65.9,82,28.8,59.3,42.9,27.3,46.6,24.7,6.6,4,-70
Seattle Mariners,2016,6226,5583,1446,251,17,223,506,1288,0.259,0.326,0.43,0.325,0.375,4360,305,7,36.7,89.3,10.8,0.254,0.426,0.325,0.377,49.2,65.6,82.9,27.9,59.7,43.1,27.4,46.5,23,7.4,65.6,82.9,27.9,59.7,43.1,27.4,46.5,23,7.4,2,61
Seattle Mariners,2017,6166,5551,1436,281,17,200,487,1267,0.259,0.325,0.424,0.321,0.368,4333,269,6.2,35.1,88,11.7,0.255,0.424,0.323,0.371,50,65.3,83.1,26.6,60.1,42.7,26.9,46,22.9,7.7,65.3,83.1,26.6,60.1,42.7,26.9,46,22.9,7.7,3,-22
Seattle Mariners,2018,6084,5513,1402,256,32,176,430,1221,0.254,0.314,0.408,0.313,0.358,4362,271,6.2,35.8,88.7,11.3,0.26,0.419,0.323,0.373,49.2,66.3,84.7,28.3,58.4,42.7,27.3,46.9,22.6,7.4,66.3,84.7,28.3,58.4,42.7,27.3,46.9,22.6,7.4,3,-34
Seattle Mariners,2019,6199,5500,1305,254,28,239,588,1581,0.237,0.316,0.424,0.314,0.378,3970,285,7.2,32.9,87.4,14.4,0.229,0.4,0.308,0.371,48.9,65.6,79.9,25.6,55.6,42.4,29.2,45.2,26.6,7.7,65.6,79.9,25.6,55.6,42.4,29.2,45.2,26.6,7.7,5,-135
Seattle Mariners,2020,2181,1929,435,88,5,60,207,545,0.226,0.309,0.37,0.298,0.347,1399,98,7,36,87.8,12.7,0.228,0.381,0.308,0.364,48.9,63.6,79.7,24.9,51.8,43,25.5,43.8,28,7.7,63.6,79.7,24.9,51.8,43,25.5,43.8,28,7.7,3,-49
Seattle Mariners,2021,6010,5355,1209,233,11,199,535,1492,0.226,0.303,0.385,0.3,0.354,3908,322,8.2,37.2,87.9,14,0.23,0.393,0.309,0.367,49.3,67.2,80.9,26.7,53.7,42.5,29.2,46.7,26.8,7.5,67.2,80.9,26.7,53.7,42.5,29.2,46.7,26.8,7.5,2,-51
Seattle Mariners,2022,6117,5375,1236,229,19,197,596,1397,0.23,0.315,0.39,0.31,0.355,4032,327,8.1,36.7,88.2,15,0.236,0.393,0.317,0.364,48.6,67.4,82.6,26.1,55.7,42.8,29.5,46.2,24.9,7.1,67.4,82.6,26.1,55.7,42.8,29.5,46.2,24.9,7.1,2,67
St. Louis Cardinals,2015,6137,5484,1386,288,39,137,506,1267,0.253,0.321,0.394,0.311,0.357,4298,228,5.3,32.9,88.1,10.7,0.245,0.386,0.31,0.357,47.3,68.2,83.7,28.7,60,42.6,30.9,47.4,22.9,7,68.2,83.7,28.7,60,42.6,30.9,47.4,22.9,7,1,122
St. Louis Cardinals,2016,6222,5548,1415,299,32,225,526,1318,0.255,0.325,0.442,0.329,0.382,4308,320,7.4,36.1,88.8,13.1,0.249,0.434,0.326,0.379,47.8,68.6,82.8,29.8,59.8,42.5,33.8,48.4,23.8,7,68.6,82.8,29.8,59.8,42.5,33.8,48.4,23.8,7,2,67
St. Louis Cardinals,2017,6219,5470,1402,284,28,196,593,1348,0.256,0.334,0.426,0.326,0.376,4213,286,6.8,34,87.3,12.6,0.253,0.43,0.33,0.383,49.7,66.6,82.2,25,58.2,43.2,29.8,45.7,23.5,7.5,66.6,82.2,25,58.2,43.2,29.8,45.7,23.5,7.5,3,56
St. Louis Cardinals,2018,6199,5498,1369,248,9,205,525,1380,0.249,0.321,0.409,0.316,0.369,4212,321,7.6,36.5,88.8,12.2,0.244,0.417,0.321,0.377,49.4,65.4,82.6,26.5,55.4,42.8,28.7,45.7,24.6,7.5,65.4,82.6,26.5,55.4,42.8,28.7,45.7,24.6,7.5,3,68
St. Louis Cardinals,2019,6167,5449,1336,246,24,210,561,1420,0.245,0.322,0.415,0.314,0.366,4108,285,6.9,34.4,87.9,13.6,0.243,0.421,0.32,0.376,47.9,66.4,81.4,28.6,58.2,42.4,30.2,46.7,25.1,7,66.4,81.4,28.6,58.2,42.4,30.2,46.7,25.1,7,1,102
St. Louis Cardinals,2020,2011,1752,410,73,7,51,205,477,0.234,0.323,0.371,0.306,0.347,1295,90,6.9,34.9,87.3,12.8,0.237,0.396,0.32,0.369,47.1,64.7,79.8,25.5,56.1,41.8,26.3,43.9,26.9,7.1,64.7,79.8,25.5,56.1,41.8,26.3,43.9,26.9,7.1,2,11
St. Louis Cardinals,2021,6001,5351,1303,261,22,198,478,1341,0.244,0.313,0.412,0.312,0.365,4094,322,7.9,37.4,88.7,14,0.246,0.423,0.321,0.378,49,67.4,81.2,28,57.5,41.7,27.9,47.3,25.3,7.4,67.4,81.2,28,57.5,41.7,27.9,47.3,25.3,7.4,2,34
St. Louis Cardinals,2022,6165,5496,1386,290,21,197,537,1226,0.252,0.325,0.42,0.326,0.367,4320,325,7.5,37.4,88.2,14.3,0.245,0.397,0.318,0.355,48,66,82.5,29.9,60.4,42.9,27.1,47.2,24.4,7,66,82.5,29.9,60.4,42.9,27.1,47.2,24.4,7,1,135
Tampa Bay Rays,2015,6071,5485,1383,278,32,167,436,1310,0.252,0.314,0.406,0.313,0.366,4241,222,5.2,32.3,87.9,12.8,0.24,0.386,0.306,0.356,48.7,67.8,80.9,29.6,61,43.1,32,48.2,24.6,6.9,67.8,80.9,29.6,61,43.1,32,48.2,24.6,6.9,4,2
Tampa Bay Rays,2016,6046,5481,1333,288,32,216,449,1482,0.243,0.307,0.426,0.315,0.383,4045,312,7.7,36.7,89.1,14.5,0.236,0.411,0.309,0.376,49.5,66.6,78.4,29,57.8,42.9,32.9,47.6,27.4,7.5,66.6,78.4,29,57.8,42.9,32.9,47.6,27.4,7.5,5,-41
Tampa Bay Rays,2017,6144,5478,1340,226,32,228,545,1538,0.245,0.317,0.422,0.316,0.383,4004,282,7,34,87.2,12.2,0.235,0.406,0.311,0.376,48.1,70.2,77.6,29.5,56.7,42.1,35.8,49.1,28.1,7.2,70.2,77.6,29.5,56.7,42.1,35.8,49.1,28.1,7.2,3,-10
Tampa Bay Rays,2018,6194,5475,1415,274,43,150,540,1388,0.258,0.333,0.406,0.322,0.374,4165,227,5.5,33.3,87.7,10.3,0.24,0.377,0.309,0.355,48,68.3,81.2,28.2,56.9,42.6,32.4,47.4,25.7,7,68.3,81.2,28.2,56.9,42.6,32.4,47.4,25.7,7,3,70
Tampa Bay Rays,2019,6285,5628,1427,291,29,217,542,1493,0.254,0.325,0.431,0.321,0.382,4177,347,8.3,39.3,89.5,11.2,0.252,0.437,0.327,0.392,48,68.4,81.7,27.2,53.1,42.6,30.5,47,26.6,7.2,68.4,81.7,27.2,53.1,42.6,30.5,47,26.6,7.2,2,113
Tampa Bay Rays,2020,2261,1975,470,105,12,80,243,608,0.238,0.328,0.425,0.325,0.397,1381,119,8.6,39.1,88.9,11.2,0.229,0.403,0.318,0.385,47.7,65.4,76.8,25.6,53,43.8,27.1,44.6,29.9,7,65.4,76.8,25.6,53,43.8,27.1,44.6,29.9,7,1,60
Tampa Bay Rays,2021,6213,5507,1336,288,36,222,585,1542,0.243,0.321,0.429,0.322,0.388,4012,336,8.4,39.9,88.9,12.6,0.234,0.4,0.314,0.375,48.3,69.5,78.2,27,55.1,42.3,31.3,47.6,28.2,7.4,69.5,78.2,27,55.1,42.3,31.3,47.6,28.2,7.4,1,206
Tampa Bay Rays,2022,6008,5412,1294,296,17,139,500,1395,0.239,0.308,0.377,0.302,0.354,4055,247,6.1,38.7,88.9,11.4,0.236,0.361,0.298,0.348,48.3,68.5,80.8,29.2,56.3,42.8,31.9,48.1,26.5,7.3,68.5,80.8,29.2,56.3,42.8,31.9,48.1,26.5,7.3,3,52
Texas Rangers,2015,6187,5511,1419,279,32,172,503,1233,0.257,0.325,0.413,0.321,0.365,4375,243,5.6,35.6,88.6,11,0.245,0.397,0.316,0.36,47.9,63.3,83,28.9,60.3,42.4,25.9,45.3,23.4,7.4,63.3,83,28.9,60.3,42.4,25.9,45.3,23.4,7.4,1,18
Texas Rangers,2016,6089,5525,1446,257,23,215,436,1220,0.262,0.322,0.433,0.324,0.374,4363,283,6.5,36.1,88.8,11.4,0.253,0.417,0.318,0.366,48.3,63.7,84,30.7,62,42.4,26.8,46.6,23,7.3,63.7,84,30.7,62,42.4,26.8,46.6,23,7.3,1,8
Texas Rangers,2017,6121,5430,1326,255,21,237,544,1493,0.244,0.32,0.43,0.321,0.384,4003,306,7.6,34.6,87.7,12.9,0.238,0.421,0.319,0.381,47.8,65.8,79.9,28.8,56.9,43.3,29.4,46.5,27,7,65.8,79.9,28.8,56.9,43.3,29.4,46.5,27,7,3,-17
Texas Rangers,2018,6163,5453,1308,266,24,194,555,1484,0.24,0.318,0.404,0.315,0.372,4036,293,7.3,34.2,88.2,11.9,0.232,0.392,0.311,0.367,48.3,64.1,81.2,28.7,56.6,42.4,26.7,45.8,25.9,7.1,64.1,81.2,28.7,56.6,42.4,26.7,45.8,25.9,7.1,5,-111
Texas Rangers,2019,6204,5540,1374,296,24,223,534,1578,0.248,0.319,0.431,0.317,0.387,4023,300,7.5,38.9,89.4,12.5,0.243,0.425,0.319,0.39,48.6,65.2,80.1,28.4,55.5,43.1,27,46.3,27,6.9,65.2,80.1,28.4,55.5,43.1,27,46.3,27,6.9,3,-68
Texas Rangers,2020,2147,1936,420,80,9,62,167,548,0.217,0.285,0.364,0.283,0.337,1408,100,7.1,37.2,88.7,12.5,0.226,0.382,0.299,0.362,49.2,65.6,79.5,26.7,54.2,42.1,28.4,45.8,27.6,7.9,65.6,79.5,26.7,54.2,42.1,28.4,45.8,27.6,7.9,5,-88
Texas Rangers,2021,5943,5405,1254,225,24,167,433,1381,0.232,0.294,0.375,0.291,0.342,4071,270,6.6,35.7,87.9,10.9,0.234,0.376,0.298,0.352,49.1,67.9,80.7,29,58,42.5,28.8,48.1,25.9,7.5,67.9,80.7,29,58,42.5,28.8,48.1,25.9,7.5,5,-190
Texas Rangers,2022,6029,5478,1308,224,20,198,456,1446,0.239,0.301,0.395,0.305,0.366,4080,323,7.9,39.3,89.1,14,0.235,0.39,0.303,0.365,48.4,71.8,79.5,30,52.5,43.1,37.5,50.2,28.3,7.3,71.8,79.5,30,52.5,43.1,37.5,50.2,28.3,7.3,4,-36
Toronto Blue Jays,2015,6232,5509,1480,308,17,232,570,1151,0.269,0.34,0.457,0.344,0.386,4457,305,6.8,36.6,88.8,11.4,0.256,0.43,0.335,0.374,48.8,63.3,83.4,27,63.1,43.2,27.2,44.7,22.2,7.4,63.3,83.4,27,63.1,43.2,27.2,44.7,22.2,7.4,1,221
Toronto Blue Jays,2016,6232,5479,1358,276,18,221,632,1362,0.248,0.33,0.426,0.327,0.375,4183,311,7.4,37.8,89.2,12.5,0.244,0.42,0.326,0.374,49.6,62.6,82.4,25.6,59.8,42.7,26.4,43.9,23.6,7.6,62.6,82.4,25.6,59.8,42.7,26.4,43.9,23.6,7.6,2,93
Toronto Blue Jays,2017,6153,5499,1320,269,5,222,542,1327,0.24,0.312,0.412,0.312,0.357,4232,294,6.9,34,87.4,12.2,0.242,0.417,0.317,0.365,48.1,65.5,82.4,26.7,61.2,42.3,26.9,45.4,23.5,7.3,65.5,82.4,26.7,61.2,42.3,26.9,45.4,23.5,7.3,4,-91
Toronto Blue Jays,2018,6076,5477,1336,320,16,217,499,1387,0.244,0.312,0.427,0.319,0.376,4132,346,8.4,40.1,89.2,13.8,0.247,0.43,0.325,0.386,47.5,67.3,82,29.1,55.3,42.4,28.6,47.2,26.5,7,67.3,82,29.1,55.3,42.4,28.6,47.2,26.5,7,4,-123
Toronto Blue Jays,2019,6091,5493,1299,270,21,247,509,1514,0.236,0.305,0.428,0.31,0.375,4021,317,7.9,37.2,88.7,14.3,0.238,0.42,0.313,0.38,47.2,66.6,81.1,29,55,42.3,30.3,46.7,27.1,7,66.6,81.1,29,55,42.3,30.3,46.7,27.1,7,4,-102
Toronto Blue Jays,2020,2263,2023,516,104,4,88,203,508,0.255,0.325,0.441,0.329,0.387,1537,133,8.7,41.9,89.5,11.9,0.255,0.438,0.332,0.392,48,68.1,80.7,27.1,57.7,42.5,31.8,46.8,25.7,7.4,68.1,80.7,27.1,57.7,42.5,31.8,46.8,25.7,7.4,3,-10
Toronto Blue Jays,2021,6070,5476,1455,285,13,262,496,1218,0.266,0.33,0.466,0.34,0.393,4303,418,9.7,42.3,90.3,13.6,0.261,0.456,0.338,0.39,48.4,71.2,83.4,28.1,56.8,42.6,34.9,49,24.3,7.4,71.2,83.4,28.1,56.8,42.6,34.9,49,24.3,7.4,4,183
Toronto Blue Jays,2022,6158,5555,1464,307,12,200,500,1242,0.264,0.329,0.431,0.331,0.381,4354,368,8.5,44.3,90.2,11.2,0.257,0.418,0.326,0.374,49.2,68.8,82.3,27.6,58.8,42.6,31.5,47.9,24.4,7.4,68.8,82.3,27.6,58.8,42.6,31.5,47.9,24.4,7.4,2,96
Washington Nationals,2015,6117,5428,1363,265,13,177,539,1344,0.251,0.321,0.403,0.315,0.367,4190,261,6.2,37.4,89.4,9.4,0.247,0.401,0.318,0.374,48.5,66.2,82.1,28.4,57.3,42.4,33.1,46.7,24.4,7.1,66.2,82.1,28.4,57.3,42.4,33.1,46.7,24.4,7.1,2,68
Washington Nationals,2016,6201,5490,1403,268,29,203,536,1252,0.256,0.326,0.426,0.322,0.367,4349,274,6.3,36.2,89.6,12.1,0.248,0.417,0.322,0.37,48.5,63.1,83.8,27.2,62,43.1,25.6,44.6,22,7.3,63.1,83.8,27.2,62,43.1,25.6,44.6,22,7.3,1,151
Washington Nationals,2017,6214,5553,1477,311,31,215,542,1327,0.266,0.332,0.449,0.331,0.389,4314,281,6.5,36.6,88.1,11.6,0.256,0.432,0.324,0.381,49.3,65.6,82.2,27.2,61.4,43.2,26.7,46.2,23.2,7.5,65.6,82.2,27.2,61.4,43.2,26.7,46.2,23.2,7.5,1,147
Washington Nationals,2018,6288,5517,1402,284,25,191,631,1289,0.254,0.335,0.419,0.325,0.369,4309,298,6.9,35.5,88.4,11.8,0.249,0.414,0.325,0.37,48.8,67.2,81.8,26,60,43.4,29.8,46.1,23.3,7.4,67.2,81.8,26,60,43.4,29.8,46.1,23.3,7.4,2,89
Washington Nationals,2019,6267,5512,1460,298,27,231,584,1308,0.265,0.342,0.454,0.336,0.386,4294,324,7.5,37,88.6,14.1,0.256,0.449,0.336,0.386,47.3,66.7,84.4,27.1,58.4,42.3,28,45.8,22.5,7.3,66.7,84.4,27.1,58.4,42.3,28,45.8,22.5,7.3,2,149
Washington Nationals,2020,2218,1968,519,112,12,66,192,451,0.264,0.336,0.433,0.33,0.376,1543,102,6.6,35.3,87.7,11.2,0.257,0.42,0.328,0.374,47.6,68.1,83.7,28.6,60.7,43.5,30,47.4,22.9,7.1,68.1,83.7,28.6,60.7,43.5,30,47.4,22.9,7.1,4,-8
Washington Nationals,2021,6113,5385,1388,272,20,182,573,1303,0.258,0.337,0.417,0.326,0.374,4151,288,6.9,39.3,88.6,9.5,0.255,0.413,0.328,0.377,49.1,67.1,82.3,25.8,56.6,41.6,30.1,46.1,24.2,7.6,67.1,82.3,25.8,56.6,41.6,30.1,46.1,24.2,7.6,5,-96
Washington Nationals,2022,5998,5434,1351,252,20,136,442,1221,0.249,0.31,0.377,0.303,0.345,4270,251,5.9,35.4,87.5,10.3,0.243,0.373,0.302,0.344,49.1,68,82.5,30.4,60.1,43,33.4,48.9,23.9,7,68,82.5,30.4,60.1,43,33.4,48.9,23.9,7,5,-252
